{
  "title": "城内设施类型",
  "list": [
    {
      "type": 0,
      "name": "主城"
    },
    {
      "type": 1,
      "name": "疾风营"
    },
    {
      "type": 2,
      "name": "铁壁营"
    },
    {
      "type": 3,
      "name": "军机营"
    },
    {
      "type": 4,
      "name": "尚武营"
    },
    {
      "type": 5,
      "name": "军营"
    },
    {
      "type": 6,
      "name": "预备役所"
    },
    {
      "type": 7,
      "name": "汉点将台"
    },
    {
      "type": 8,
      "name": "魏点将台"
    },
    {
      "type": 9,
      "name": "蜀点将台"
    },
    {
      "type": 10,
      "name": "吴点将台"
    },
    {
      "type": 11,
      "name": "群点将台"
    },
    {
      "type": 12,
      "name": "封禅台"
    },
    {
      "type": 13,
      "name": "校场"
    },
    {
      "type": 14,
      "name": "统帅厅"
    },
    {
      "type": 15,
      "name": "集市"
    },
    {
      "type": 16,
      "name": "募兵所"
    },
    {
      "type": 17,
      "name": "伐木场"
    },
    {
      "type": 18,
      "name": "炼铁场"
    },
    {
      "type": 19,
      "name": "磨坊"
    },
    {
      "type": 20,
      "name": "采石场"
    },
    {
      "type": 21,
      "name": "民居"
    },
    {
      "type": 22,
      "name": "社稷坛"
    },
    {
      "type": 23,
      "name": "城墙"
    },
    {
      "type": 24,
      "name": "女墙"
    },
    {
      "type": 25,
      "name": "仓库"
    }
  ]
}